{"cameraMode":{"drawMode":0,"name":"Shaded","section":"Shading Mode"},"sceneLighting":true,"audioPlay":false,"sceneViewState":{"showFog":true,"showMaterialUpdate":false,"showSkybox":true,"showFlares":true,"showImageEffects":true,"showParticleSystems":true},"in2DMode":false,"pivot":{"x":98.5489730834961,"y":260.4799499511719,"z":-34.66242218017578},"rotation":{"x":0.10331446677446366,"y":0.004475902765989304,"z":-0.0004651903873309493,"w":0.994640588760376},"size":376.5809020996094,"orthographic":true}